<?xml version="1.0" encoding="UTF-8"?>
<sumario>
  <meta>
    <pub>BOE</pub>
    <anno>2020</anno>
    <fecha>31/03/2020</fecha>
    <fechaInv>2020/03/31</fechaInv>
    <fechaAnt>30/03/2020</fechaAnt>
    <fechaAntAnt>29/03/2020</fechaAntAnt>
    <fechaSig>01/04/2020</fechaSig>
    <fechaPub>martes 31 de marzo de 2020</fechaPub>
    <pubDate>Tue, 31 Mar 2020 00:00:00 +0200</pubDate>
  </meta>
  <diario nbo="90">
    <sumario_nbo id="BOE-S-2020-90">
      <urlPdf szBytes="263293" szKBytes="257">/boe/dias/2020/03/31/pdfs/BOE-S-2020-90.pdf</urlPdf>
    </sumario_nbo>
    <seccion num="1" nombre="I. Disposiciones generales">
      <departamento nombre="JEFATURA DEL ESTADO" etq="7723">
        <epigrafe nombre="Tratados internacionales">
          <item id="BOE-A-2020-4197" control="2020/4193">
            <titulo>Instrumento de ratificación del Protocolo al Tratado del Atlántico Norte sobre la adhesión de la República de Macedonia del Norte, hecho en Bruselas el 6 de febrero de 2019.</titulo>
            <urlPdf szBytes="261469" szKBytes="255" numPag="3">/boe/dias/2020/03/31/pdfs/BOE-A-2020-4197.pdf</urlPdf>
            <urlHtm>/diario_boe/txt.php?id=BOE-A-2020-4197</urlHtm>
            <urlXml>/diario_boe/xml.php?id=BOE-A-2020-4197</urlXml>
          </item>
        </epigrafe>
      </departamento>
      <departamento nombre="MINISTERIO DE TRANSPORTES, MOVILIDAD Y AGENDA URBANA" etq="9572">
        <epigrafe nombre="Estado de alarma. Transporte aéreo">
          <item id="BOE-A-2020-4198" control="2020/4197">
            <titulo>Resolución de 27 de marzo de 2020, de la Dirección General de Aviación Civil, por la que se establecen las condiciones para la prestación, y se adjudica de forma directa, el servicio de transporte aéreo en determinadas rutas aéreas del Archipiélago Canario durante el estado de alarma declarado con motivo del COVID-19.</titulo>
            <urlPdf szBytes="241956" szKBytes="236" numPag="3">/boe/dias/2020/03/31/pdfs/BOE-A-2020-4198.pdf</urlPdf>
            <urlHtm>/diario_boe/txt.php?id=BOE-A-2020-4198</urlHtm>
            <urlXml>/diario_boe/xml.php?id=BOE-A-2020-4198</urlXml>
          </item>
          <item id="BOE-A-2020-4199" control="2020/4198">
            <titulo>Resolución de 27 de marzo 2020, de la Dirección General de Aviación Civil, por la que se modifica la duración, y se prorroga la adjudicación, del servicio de transporte aéreo en las rutas aéreas Palma de Mallorca-Menorca y Palma de Mallorca-Ibiza durante el estado de alarma declarado con motivo del COVID-19.</titulo>
            <urlPdf szBytes="231851" szKBytes="226" numPag="3">/boe/dias/2020/03/31/pdfs/BOE-A-2020-4199.pdf</urlPdf>
            <urlHtm>/diario_boe/txt.php?id=BOE-A-2020-4199</urlHtm>
            <urlXml>/diario_boe/xml.php?id=BOE-A-2020-4199</urlXml>
          </item>
        </epigrafe>
      </departamento>
    </seccion>
    <seccion num="2A" nombre="II. Autoridades y personal. - A. Nombramientos, situaciones e incidencias">
      <departamento nombre="MINISTERIO DE AGRICULTURA, PESCA Y ALIMENTACIÓN" etq="3120">
        <epigrafe nombre="Nombramientos">
          <item id="BOE-A-2020-4200" control="2020/4175">
            <titulo>Resolución de 27 de marzo de 2020, de la Subsecretaría, por la que se corrigen errores en la de 7 de marzo de 2020, por la que se adecúan los nombramientos de los titulares de las unidades con nivel orgánico de Subdirector General, con motivo de la estructura orgánica básica del Departamento.</titulo>
            <urlPdf szBytes="218008" szKBytes="213" numPag="1">/boe/dias/2020/03/31/pdfs/BOE-A-2020-4200.pdf</urlPdf>
            <urlHtm>/diario_boe/txt.php?id=BOE-A-2020-4200</urlHtm>
            <urlXml>/diario_boe/xml.php?id=BOE-A-2020-4200</urlXml>
          </item>
        </epigrafe>
      </departamento>
    </seccion>
    <seccion num="2B" nombre="II. Autoridades y personal. - B. Oposiciones y concursos">
      <departamento nombre="MINISTERIO DEL INTERIOR" etq="7320">
        <epigrafe nombre="Cuerpo General Administrativo de la Administración del Estado">
          <item id="BOE-A-2020-4201" control="2020/4126">
            <titulo>Corrección de errores de la Resolución de 26 de febrero de 2020, de la Subsecretaría, por la que se convoca proceso selectivo para ingreso, por el sistema de promoción interna, en el Cuerpo General Administrativo de la Administración del Estado, especialidad de Tráfico.</titulo>
            <urlPdf szBytes="213373" szKBytes="208" numPag="1">/boe/dias/2020/03/31/pdfs/BOE-A-2020-4201.pdf</urlPdf>
            <urlHtm>/diario_boe/txt.php?id=BOE-A-2020-4201</urlHtm>
            <urlXml>/diario_boe/xml.php?id=BOE-A-2020-4201</urlXml>
          </item>
        </epigrafe>
      </departamento>
      <departamento nombre="ADMINISTRACIÓN LOCAL" etq="9525">
        <epigrafe nombre="Personal funcionario y laboral">
          <item id="BOE-A-2020-4202" control="2020/4141">
            <titulo>Resolución de 26 de marzo de 2020, del Ayuntamiento de Amposta (Tarragona), referente a la convocatoria para proveer varias plazas.</titulo>
            <urlPdf szBytes="213165" szKBytes="208" numPag="1">/boe/dias/2020/03/31/pdfs/BOE-A-2020-4202.pdf</urlPdf>
            <urlHtm>/diario_boe/txt.php?id=BOE-A-2020-4202</urlHtm>
            <urlXml>/diario_boe/xml.php?id=BOE-A-2020-4202</urlXml>
          </item>
          <item id="BOE-A-2020-4203" control="2020/4194">
            <titulo>Corrección de errores de la Resolución de 10 de marzo de 2020, del Ayuntamiento de Guadalajara, referente a la convocatoria para proveer varias plazas.</titulo>
            <urlPdf szBytes="213660" szKBytes="209" numPag="1">/boe/dias/2020/03/31/pdfs/BOE-A-2020-4203.pdf</urlPdf>
            <urlHtm>/diario_boe/txt.php?id=BOE-A-2020-4203</urlHtm>
            <urlXml>/diario_boe/xml.php?id=BOE-A-2020-4203</urlXml>
          </item>
        </epigrafe>
      </departamento>
      <departamento nombre="UNIVERSIDADES" etq="310">
        <epigrafe nombre="Cuerpos docentes universitarios">
          <item id="BOE-A-2020-4204" control="2020/4065">
            <titulo>Resolución de 20 de marzo de 2020, de la Universidad de Málaga, por la que se convoca concurso de acceso a plazas de cuerpos docentes universitarios.</titulo>
            <urlPdf szBytes="376827" szKBytes="368" numPag="13">/boe/dias/2020/03/31/pdfs/BOE-A-2020-4204.pdf</urlPdf>
            <urlHtm>/diario_boe/txt.php?id=BOE-A-2020-4204</urlHtm>
            <urlXml>/diario_boe/xml.php?id=BOE-A-2020-4204</urlXml>
          </item>
        </epigrafe>
      </departamento>
    </seccion>
    <seccion num="3" nombre="III. Otras disposiciones">
      <departamento nombre="MINISTERIO DE EDUCACIÓN Y FORMACIÓN PROFESIONAL" etq="9563">
        <epigrafe nombre="Formación profesional">
          <item id="BOE-A-2020-4205" control="2020/4183">
            <titulo>Resolución de 27 de marzo de 2020, de la Secretaría General de Formación Profesional, por la que se aprueba una moratoria en la presentación de las justificaciones económicas y técnicas de las actuaciones de los Programas de Cooperación Territorial 2018: de Evaluación y acreditación de las competencias profesionales, de Calidad de la Formación Profesional del Sistema Educativo, de Formación Profesional Dual, y de Formación, perfeccionamiento y movilidad del profesorado.</titulo>
            <urlPdf szBytes="227271" szKBytes="222" numPag="2">/boe/dias/2020/03/31/pdfs/BOE-A-2020-4205.pdf</urlPdf>
            <urlHtm>/diario_boe/txt.php?id=BOE-A-2020-4205</urlHtm>
            <urlXml>/diario_boe/xml.php?id=BOE-A-2020-4205</urlXml>
          </item>
        </epigrafe>
      </departamento>
      <departamento nombre="MINISTERIO DE AGRICULTURA, PESCA Y ALIMENTACIÓN" etq="3120">
        <epigrafe nombre="Pesca marítima">
          <item id="BOE-A-2020-4206" control="2020/4184">
            <titulo>Orden APA/308/2020, de 27 de marzo, por la que se establece una veda temporal para la pesca de coral rojo (Corallium rubrum) en el próximo bienio y se determina la no concesión de licencias en dicho periodo.</titulo>
            <urlPdf szBytes="238210" szKBytes="233" numPag="4">/boe/dias/2020/03/31/pdfs/BOE-A-2020-4206.pdf</urlPdf>
            <urlHtm>/diario_boe/txt.php?id=BOE-A-2020-4206</urlHtm>
            <urlXml>/diario_boe/xml.php?id=BOE-A-2020-4206</urlXml>
          </item>
        </epigrafe>
      </departamento>
      <departamento nombre="BANCO DE ESPAÑA" etq="1020">
        <epigrafe nombre="Mercado de divisas">
          <item id="BOE-A-2020-4207" control="2020/4189">
            <titulo>Resolución de 30 de marzo de 2020, del Banco de España, por la que se publican los cambios del euro correspondientes al día 30 de marzo de 2020, publicados por el Banco Central Europeo, que tendrán la consideración de cambios oficiales, de acuerdo con lo dispuesto en el artículo 36 de la Ley 46/1998, de 17 de diciembre, sobre la Introducción del Euro.</titulo>
            <urlPdf szBytes="309656" szKBytes="302" numPag="2">/boe/dias/2020/03/31/pdfs/BOE-A-2020-4207.pdf</urlPdf>
            <urlHtm>/diario_boe/txt.php?id=BOE-A-2020-4207</urlHtm>
            <urlXml>/diario_boe/xml.php?id=BOE-A-2020-4207</urlXml>
          </item>
        </epigrafe>
      </departamento>
    </seccion>
    <seccion num="4" nombre="IV. Administración de Justicia">
      <departamento nombre="JUZGADOS DE PRIMERA INSTANCIA E INSTRUCCIÓN" etq="9546">
        <item id="BOE-B-2020-12523">
          <titulo>MADRID</titulo>
          <urlPdf szBytes="165299" szKBytes="161" numPag="1">/boe/dias/2020/03/31/pdfs/BOE-B-2020-12523.pdf</urlPdf>
          <urlHtm>/diario_boe/txt.php?id=BOE-B-2020-12523</urlHtm>
          <urlXml>/diario_boe/xml.php?id=BOE-B-2020-12523</urlXml>
        </item>
      </departamento>
      <departamento nombre="JUZGADOS DE LO MERCANTIL" etq="9547">
        <item id="BOE-B-2020-12524">
          <titulo>MADRID</titulo>
          <urlPdf szBytes="165303" szKBytes="161" numPag="1">/boe/dias/2020/03/31/pdfs/BOE-B-2020-12524.pdf</urlPdf>
          <urlHtm>/diario_boe/txt.php?id=BOE-B-2020-12524</urlHtm>
          <urlXml>/diario_boe/xml.php?id=BOE-B-2020-12524</urlXml>
        </item>
        <item id="BOE-B-2020-12525">
          <titulo>MÁLAGA</titulo>
          <urlPdf szBytes="165848" szKBytes="162" numPag="1">/boe/dias/2020/03/31/pdfs/BOE-B-2020-12525.pdf</urlPdf>
          <urlHtm>/diario_boe/txt.php?id=BOE-B-2020-12525</urlHtm>
          <urlXml>/diario_boe/xml.php?id=BOE-B-2020-12525</urlXml>
        </item>
        <item id="BOE-B-2020-12526">
          <titulo>PALMA DE MALLORCA</titulo>
          <urlPdf szBytes="164699" szKBytes="161" numPag="1">/boe/dias/2020/03/31/pdfs/BOE-B-2020-12526.pdf</urlPdf>
          <urlHtm>/diario_boe/txt.php?id=BOE-B-2020-12526</urlHtm>
          <urlXml>/diario_boe/xml.php?id=BOE-B-2020-12526</urlXml>
        </item>
        <item id="BOE-B-2020-12527">
          <titulo>PALMA DE MALLORCA</titulo>
          <urlPdf szBytes="164606" szKBytes="161" numPag="1">/boe/dias/2020/03/31/pdfs/BOE-B-2020-12527.pdf</urlPdf>
          <urlHtm>/diario_boe/txt.php?id=BOE-B-2020-12527</urlHtm>
          <urlXml>/diario_boe/xml.php?id=BOE-B-2020-12527</urlXml>
        </item>
        <item id="BOE-B-2020-12528">
          <titulo>PONTEVEDRA</titulo>
          <urlPdf szBytes="165708" szKBytes="162" numPag="1">/boe/dias/2020/03/31/pdfs/BOE-B-2020-12528.pdf</urlPdf>
          <urlHtm>/diario_boe/txt.php?id=BOE-B-2020-12528</urlHtm>
          <urlXml>/diario_boe/xml.php?id=BOE-B-2020-12528</urlXml>
        </item>
        <item id="BOE-B-2020-12529">
          <titulo>VALENCIA</titulo>
          <urlPdf szBytes="165446" szKBytes="162" numPag="1">/boe/dias/2020/03/31/pdfs/BOE-B-2020-12529.pdf</urlPdf>
          <urlHtm>/diario_boe/txt.php?id=BOE-B-2020-12529</urlHtm>
          <urlXml>/diario_boe/xml.php?id=BOE-B-2020-12529</urlXml>
        </item>
      </departamento>
    </seccion>
    <seccion num="5A" nombre="V. Anuncios. - A. Contratación del Sector Público">
      <departamento nombre="MINISTERIO DE DEFENSA" etq="6110">
        <item id="BOE-B-2020-12530">
          <titulo>Anuncio de formalización de contratos de: Jefatura de Intendencia de Asuntos Económicos Este. Objeto: Selección de empresas que ejecuten obras en las infraestructuras de las BAE,s militares ubicadas en el área de responsabilidad de la Jefatura de Intendencia de Asuntos Económicos Este. Expediente: 2032719011700.</titulo>
          <urlPdf szBytes="288034" szKBytes="281" numPag="10">/boe/dias/2020/03/31/pdfs/BOE-B-2020-12530.pdf</urlPdf>
          <urlHtm>/diario_boe/txt.php?id=BOE-B-2020-12530</urlHtm>
          <urlXml>/diario_boe/xml.php?id=BOE-B-2020-12530</urlXml>
        </item>
      </departamento>
      <departamento nombre="MINISTERIO DE HACIENDA" etq="5140">
        <item id="BOE-B-2020-12531">
          <titulo>Anuncio de corrección de errores de: Comisionado para el Mercado de Tabacos. Objeto: Atención e información ciudadana multicanal. Expediente: 202000000014.</titulo>
          <urlPdf szBytes="167124" szKBytes="163" numPag="1">/boe/dias/2020/03/31/pdfs/BOE-B-2020-12531.pdf</urlPdf>
          <urlHtm>/diario_boe/txt.php?id=BOE-B-2020-12531</urlHtm>
          <urlXml>/diario_boe/xml.php?id=BOE-B-2020-12531</urlXml>
        </item>
      </departamento>
      <departamento nombre="MINISTERIO DE TRANSPORTES, MOVILIDAD Y AGENDA URBANA" etq="9572">
        <item id="BOE-B-2020-12532">
          <titulo>Anuncio de formalización de contratos de: ADIF - Presidencia. Objeto: Servicios de apoyo a ADIF para la implantación de su plan estratégico (av 025/19). Expediente: 2.19/05110.0089.</titulo>
          <urlPdf szBytes="184407" szKBytes="180" numPag="2">/boe/dias/2020/03/31/pdfs/BOE-B-2020-12532.pdf</urlPdf>
          <urlHtm>/diario_boe/txt.php?id=BOE-B-2020-12532</urlHtm>
          <urlXml>/diario_boe/xml.php?id=BOE-B-2020-12532</urlXml>
        </item>
        <item id="BOE-B-2020-12533">
          <titulo>Anuncio de formalización de contratos de: ADIF - Presidencia. Objeto: Servicio para el traslado del Cuadro de Mando y Señalización de la Estación de doña María de Ocaña (Almería). Expediente: 2.19/46502.0028.</titulo>
          <urlPdf szBytes="182367" szKBytes="178" numPag="1">/boe/dias/2020/03/31/pdfs/BOE-B-2020-12533.pdf</urlPdf>
          <urlHtm>/diario_boe/txt.php?id=BOE-B-2020-12533</urlHtm>
          <urlXml>/diario_boe/xml.php?id=BOE-B-2020-12533</urlXml>
        </item>
      </departamento>
      <departamento nombre="MINISTERIO DE LA PRESIDENCIA, RELACIONES CON LAS CORTES Y MEMORIA DEMOCRÁTICA" etq="9574">
        <item id="BOE-B-2020-12534">
          <titulo>Anuncio de formalización de contratos de: Subsecretaría del Ministerio de la Presidencia, Relaciones con las Cortes y Memoria Democrática. Objeto: Servicio de operación, administración, monitorización y soporte de la zona de servicios internet del Ministerio de la Presidencia, Relaciones con las Cortes e Igualdad. Expediente: 7/20.</titulo>
          <urlPdf szBytes="189847" szKBytes="185" numPag="2">/boe/dias/2020/03/31/pdfs/BOE-B-2020-12534.pdf</urlPdf>
          <urlHtm>/diario_boe/txt.php?id=BOE-B-2020-12534</urlHtm>
          <urlXml>/diario_boe/xml.php?id=BOE-B-2020-12534</urlXml>
        </item>
      </departamento>
      <departamento nombre="MINISTERIO PARA LA TRANSICIÓN ECOLÓGICA Y EL RETO DEMOGRÁFICO" etq="9575">
        <item id="BOE-B-2020-12535">
          <titulo>Anuncio de formalización de contratos de: Presidencia de la Agencia Estatal de Meteorología. Objeto: Servicio de gestión de red y seguridad para la Agencia Estatal de Meteorología. Expediente: 201900005559.</titulo>
          <urlPdf szBytes="189302" szKBytes="185" numPag="2">/boe/dias/2020/03/31/pdfs/BOE-B-2020-12535.pdf</urlPdf>
          <urlHtm>/diario_boe/txt.php?id=BOE-B-2020-12535</urlHtm>
          <urlXml>/diario_boe/xml.php?id=BOE-B-2020-12535</urlXml>
        </item>
      </departamento>
      <departamento nombre="MINISTERIO DE SANIDAD" etq="4335">
        <item id="BOE-B-2020-12536">
          <titulo>Anuncio de formalización de contratos de: Dirección del Instituto Nacional de Gestión Sanitaria (INGESA). Objeto: Suministro de 5 licencias adicionales de Microsoft Dynamics Navision 2018 y el servicio de su soporte y mantenimiento, con destino a los servicios centrales del Instituto Nacional de Gestión Sanitaria (INGESA) . Expediente: PASA 2020/006.</titulo>
          <urlPdf szBytes="187353" szKBytes="183" numPag="2">/boe/dias/2020/03/31/pdfs/BOE-B-2020-12536.pdf</urlPdf>
          <urlHtm>/diario_boe/txt.php?id=BOE-B-2020-12536</urlHtm>
          <urlXml>/diario_boe/xml.php?id=BOE-B-2020-12536</urlXml>
        </item>
      </departamento>
      <departamento nombre="MINISTERIO DE CIENCIA E INNOVACIÓN" etq="4245">
        <item id="BOE-B-2020-12537">
          <titulo>Anuncio de formalización de contratos de: Presidencia de la Agencia Estatal Consejo Superior de Investigaciones Científicas, M.P. Objeto: Suministro e instalación de un sistema de descontaminación biológica de los efluentes provenientes del laboratorio de nivel 3 de contención biológica del Centro Nacional de Biotecnología. Expediente: 1883/20.</titulo>
          <urlPdf szBytes="191801" szKBytes="187" numPag="2">/boe/dias/2020/03/31/pdfs/BOE-B-2020-12537.pdf</urlPdf>
          <urlHtm>/diario_boe/txt.php?id=BOE-B-2020-12537</urlHtm>
          <urlXml>/diario_boe/xml.php?id=BOE-B-2020-12537</urlXml>
        </item>
      </departamento>
      <departamento nombre="MINISTERIO DE INCLUSIÓN, SEGURIDAD SOCIAL Y MIGRACIONES" etq="9579">
        <item id="BOE-B-2020-12538">
          <titulo>Anuncio de formalización de contratos de: Secretaria General de la Tesorería General de la Seguridad Social. Objeto: Suministros periódicos recurrentes en los Servicios Centrales de la Tesorería General de la Seguridad Social: Fuentes de conexión a la red de agua potable, Agua mineral envasada para fuentes dispensadoras, vasos desechables ecológicos, botellas de agua y gasóleo de clase B. Expediente: 2019/0154PA.</titulo>
          <urlPdf szBytes="201861" szKBytes="197" numPag="3">/boe/dias/2020/03/31/pdfs/BOE-B-2020-12538.pdf</urlPdf>
          <urlHtm>/diario_boe/txt.php?id=BOE-B-2020-12538</urlHtm>
          <urlXml>/diario_boe/xml.php?id=BOE-B-2020-12538</urlXml>
        </item>
        <item id="BOE-B-2020-12539">
          <titulo>Anuncio de formalización de contratos de: TGSS-Dirección provincial de Asturias. Objeto: Servicio de mantenimiento de ascensores de los edificios/locales dependientes de la Dirección Provincial de la Tesorería General de la Seguridad Social de Asturias . Expediente: PASS 4010/2020.</titulo>
          <urlPdf szBytes="184002" szKBytes="180" numPag="2">/boe/dias/2020/03/31/pdfs/BOE-B-2020-12539.pdf</urlPdf>
          <urlHtm>/diario_boe/txt.php?id=BOE-B-2020-12539</urlHtm>
          <urlXml>/diario_boe/xml.php?id=BOE-B-2020-12539</urlXml>
        </item>
      </departamento>
    </seccion>
    <seccion num="5B" nombre="V. Anuncios. - B. Otros anuncios oficiales">
      <departamento nombre="MINISTERIO DE JUSTICIA" etq="4810">
        <item id="BOE-B-2020-12540">
          <titulo>Anuncio de la Subsecretaría (División de Derechos de Gracia y otros Derechos), sobre solicitud de sucesión en el título de Conde de Noroña.</titulo>
          <urlPdf szBytes="167541" szKBytes="164" numPag="1">/boe/dias/2020/03/31/pdfs/BOE-B-2020-12540.pdf</urlPdf>
          <urlHtm>/diario_boe/txt.php?id=BOE-B-2020-12540</urlHtm>
          <urlXml>/diario_boe/xml.php?id=BOE-B-2020-12540</urlXml>
        </item>
      </departamento>
      <departamento nombre="MINISTERIO DE TRANSPORTES, MOVILIDAD Y AGENDA URBANA" etq="9572">
        <item id="BOE-B-2020-12541">
          <titulo>Anuncio de la Autoridad Portuaria de Gijón por el que se somete a información pública solicitud de concesión administrativa de la empresa NOMADAS LIFE, S.L.</titulo>
          <urlPdf szBytes="171869" szKBytes="168" numPag="1">/boe/dias/2020/03/31/pdfs/BOE-B-2020-12541.pdf</urlPdf>
          <urlHtm>/diario_boe/txt.php?id=BOE-B-2020-12541</urlHtm>
          <urlXml>/diario_boe/xml.php?id=BOE-B-2020-12541</urlXml>
        </item>
        <item id="BOE-B-2020-12542">
          <titulo>Resolución de la Autoridad Portuaria de Baleares por la que se autoriza la prórroga del plazo de vigencia del título que habilita para la prestación del servicio portuario de recogida de desechos sólidos y aguas residuales generados por buques (Anexos V y IV Convenio Marpol) en el Puerto de Eivissa a la empresa Herbusa, S.A.</titulo>
          <urlPdf szBytes="173238" szKBytes="169" numPag="1">/boe/dias/2020/03/31/pdfs/BOE-B-2020-12542.pdf</urlPdf>
          <urlHtm>/diario_boe/txt.php?id=BOE-B-2020-12542</urlHtm>
          <urlXml>/diario_boe/xml.php?id=BOE-B-2020-12542</urlXml>
        </item>
        <item id="BOE-B-2020-12543">
          <titulo>Resolución de la Autoridad Portuaria de Baleares por la que se autoriza la prórroga del plazo de vigencia del título que habilita para la prestación del servicio portuario de recogida de residuos oleosos generados por buques en los puertos de Palma, Alcúdia, Eivissa y Maó a la empresa Servmar Balear, S.L.</titulo>
          <urlPdf szBytes="171977" szKBytes="168" numPag="1">/boe/dias/2020/03/31/pdfs/BOE-B-2020-12543.pdf</urlPdf>
          <urlHtm>/diario_boe/txt.php?id=BOE-B-2020-12543</urlHtm>
          <urlXml>/diario_boe/xml.php?id=BOE-B-2020-12543</urlXml>
        </item>
        <item id="BOE-B-2020-12544">
          <titulo>Resolución de la Autoridad Portuaria de Sevilla por la que se otorga concesión administrativa al Ayuntamiento de Coria del Río (Sevilla).</titulo>
          <urlPdf szBytes="171710" szKBytes="168" numPag="1">/boe/dias/2020/03/31/pdfs/BOE-B-2020-12544.pdf</urlPdf>
          <urlHtm>/diario_boe/txt.php?id=BOE-B-2020-12544</urlHtm>
          <urlXml>/diario_boe/xml.php?id=BOE-B-2020-12544</urlXml>
        </item>
      </departamento>
      <departamento nombre="MINISTERIO DE POLÍTICA TERRITORIAL Y FUNCIÓN PÚBLICA" etq="9561">
        <item id="BOE-B-2020-12545">
          <titulo>Anuncio del Área de Industria y Energía de la Subdelegación del Gobierno en Cádiz, por el que se somete a información pública la solicitud de autorización administrativa previa, autorización administrativa de construcción y declaración, en concreto, de utilidad pública de las instalaciones del proyecto "Línea Aérea de transporte de energía eléctrica a 400 kV doble circuito entrada y salida subestación Castellar de La Frontera de la Línea a 400kV Jordana - Pinar del Rey" en el término municipal de Castellar de la Frontera, provincia de Cádiz.</titulo>
          <urlPdf szBytes="232275" szKBytes="227" numPag="4">/boe/dias/2020/03/31/pdfs/BOE-B-2020-12545.pdf</urlPdf>
          <urlHtm>/diario_boe/txt.php?id=BOE-B-2020-12545</urlHtm>
          <urlXml>/diario_boe/xml.php?id=BOE-B-2020-12545</urlXml>
        </item>
      </departamento>
      <departamento nombre="ADMINISTRACIÓN LOCAL" etq="9525">
        <item id="BOE-B-2020-12546">
          <titulo>Anuncio de la Secretaría General Técnica del Área de Gobierno de Portavoz, Seguridad y Emergencias del Ayuntamiento de Madrid relativo a decretos del Alcalde sobre adopción de medidas por urgente necesidad en materia de protección civil.</titulo>
          <urlPdf szBytes="169624" szKBytes="166" numPag="1">/boe/dias/2020/03/31/pdfs/BOE-B-2020-12546.pdf</urlPdf>
          <urlHtm>/diario_boe/txt.php?id=BOE-B-2020-12546</urlHtm>
          <urlXml>/diario_boe/xml.php?id=BOE-B-2020-12546</urlXml>
        </item>
      </departamento>
    </seccion>
    <seccion num="5C" nombre="V. Anuncios. - C. Anuncios particulares">
      <departamento nombre="ANUNCIOS PARTICULARES" etq="9202">
        <item id="BOE-B-2020-12547">
          <titulo>DESCONVOCATORIA DE JUNTA GENERAL EXTRAORDINARIA DE ACCIONISTAS DE LA SOCIEDAD INVERSIONES CORPORATIVAS, S.A.</titulo>
          <urlPdf szBytes="168258" szKBytes="164" numPag="1">/boe/dias/2020/03/31/pdfs/BOE-B-2020-12547.pdf</urlPdf>
          <urlHtm>/diario_boe/txt.php?id=BOE-B-2020-12547</urlHtm>
          <urlXml>/diario_boe/xml.php?id=BOE-B-2020-12547</urlXml>
        </item>
        <item id="BOE-B-2020-12548">
          <titulo>FUNDACIÓN FRANCISCO COBOS</titulo>
          <urlPdf szBytes="163928" szKBytes="160" numPag="1">/boe/dias/2020/03/31/pdfs/BOE-B-2020-12548.pdf</urlPdf>
          <urlHtm>/diario_boe/txt.php?id=BOE-B-2020-12548</urlHtm>
          <urlXml>/diario_boe/xml.php?id=BOE-B-2020-12548</urlXml>
        </item>
        <item id="BOE-B-2020-12549">
          <titulo>REVOCACIÓN JUNTA GENERAL ORDINARIA COMUNIDAD DE BIENES Y DERECHOS "BARRANCO DEL CUBO"</titulo>
          <urlPdf szBytes="163668" szKBytes="160" numPag="1">/boe/dias/2020/03/31/pdfs/BOE-B-2020-12549.pdf</urlPdf>
          <urlHtm>/diario_boe/txt.php?id=BOE-B-2020-12549</urlHtm>
          <urlXml>/diario_boe/xml.php?id=BOE-B-2020-12549</urlXml>
        </item>
        <item id="BOE-B-2020-12550">
          <titulo>TRANSBIDASOA, S.A.</titulo>
          <urlPdf szBytes="165959" szKBytes="162" numPag="1">/boe/dias/2020/03/31/pdfs/BOE-B-2020-12550.pdf</urlPdf>
          <urlHtm>/diario_boe/txt.php?id=BOE-B-2020-12550</urlHtm>
          <urlXml>/diario_boe/xml.php?id=BOE-B-2020-12550</urlXml>
        </item>
      </departamento>
    </seccion>
  </diario>
</sumario>
